,surveyno,satisfaction,general,life,personid,expgroup_treatment
0,1,7,78,18,3906,0.0
1,2,3,72,17,3906,1.0
2,3,5,65,15,3906,1.0
3,4,2,72,19,3906,1.0
4,5,6,73,20,3906,1.0
5,1,4,72,10,4122,0.0
6,2,4,64,12,4122,1.0
7,3,4,66,11,4122,1.0
8,4,5,63,9,4122,1.0
9,5,3,52,8,4122,1.0
10,1,7,82,24,4942,0.0
11,2,7,90,32,4942,1.0
12,3,6,87,28,4942,1.0
13,4,6,84,21,4942,1.0
14,5,2,76,20,4942,1.0
15,1,6,81,29,5018,0.0
16,2,6,76,29,5018,1.0
17,3,6,79,28,5018,1.0
18,4,6,76,34,5018,1.0
19,5,6,78,34,5018,1.0
20,1,7,100,22,5614,0.0
21,2,3,60,22,5614,1.0
22,3,4,60,18,5614,1.0
23,4,3,60,18,5614,1.0
24,5,4,60,18,5614,1.0
25,1,5,87,36,6278,0.0
26,2,6,87,38,6278,0.0
27,3,4,77,32,6278,0.0
28,4,5,87,30,6278,0.0
29,5,6,61,34,6278,0.0
30,1,5,79,22,6362,0.0
31,2,5,84,30,6362,0.0
32,3,2,75,20,6362,0.0
33,4,3,67,14,6362,0.0
34,5,2,72,24,6362,0.0
35,1,7,83,36,6364,0.0
36,2,2,51,18,6364,0.0
37,3,3,61,26,6364,0.0
38,4,3,62,17,6364,0.0
39,5,3,58,21,6364,0.0
40,1,5,78,28,7068,0.0
41,2,5,73,20,7068,0.0
42,3,6,82,24,7068,0.0
43,4,6,84,25,7068,0.0
44,5,5,77,29,7068,0.0
45,1,5,72,28,7076,0.0
46,2,4,64,18,7076,0.0
47,3,4,65,20,7076,0.0
48,4,4,65,17,7076,0.0
49,5,4,67,18,7076,0.0
50,1,4,74,22,7488,0.0
51,2,5,81,28,7488,1.0
52,3,6,80,27,7488,1.0
53,4,7,94,32,7488,1.0
54,5,7,91,25,7488,1.0
55,1,4,69,25,8522,0.0
56,2,3,53,23,8522,0.0
57,3,3,60,22,8522,0.0
58,4,5,64,20,8522,0.0
59,5,5,64,22,8522,0.0
60,1,6,85,25,8834,0.0
61,2,5,81,26,8834,0.0
62,3,6,79,25,8834,0.0
63,4,5,73,28,8834,0.0
64,5,5,77,29,8834,0.0
65,1,4,82,21,8854,0.0
66,2,5,69,13,8854,1.0
67,3,5,70,15,8854,1.0
68,4,5,74,19,8854,1.0
69,5,6,71,14,8854,1.0
70,1,5,78,21,9710,0.0
71,2,5,65,31,9710,0.0
72,3,5,75,25,9710,0.0
73,4,4,67,10,9710,0.0
74,5,2,62,19,9710,0.0
75,1,3,63,4,10226,0.0
76,2,3,54,22,10226,1.0
77,3,5,59,19,10226,1.0
78,4,4,69,16,10226,1.0
79,5,5,69,23,10226,1.0
80,1,6,81,36,10356,0.0
81,2,6,71,25,10356,1.0
82,3,4,61,9,10356,1.0
83,4,4,50,9,10356,1.0
84,5,4,50,15,10356,1.0
85,1,6,74,29,10794,0.0
86,2,4,69,26,10794,1.0
87,3,4,75,26,10794,1.0
88,4,5,80,32,10794,1.0
89,5,5,77,34,10794,1.0
90,1,3,62,26,11348,0.0
91,2,5,75,29,11348,0.0
92,3,6,84,32,11348,0.0
93,4,5,82,35,11348,0.0
94,5,5,85,26,11348,0.0
95,1,4,76,17,11390,0.0
96,2,5,73,16,11390,0.0
97,3,4,64,13,11390,0.0
98,4,4,65,12,11390,0.0
99,5,5,87,14,11390,0.0
100,1,3,65,21,11868,0.0
101,2,4,60,21,11868,1.0
102,3,5,68,21,11868,1.0
103,4,5,65,20,11868,1.0
104,5,4,69,29,11868,1.0
105,1,4,75,17,12974,0.0
106,2,4,76,15,12974,1.0
107,3,4,70,12,12974,1.0
108,4,4,74,11,12974,1.0
109,5,3,71,11,12974,1.0
110,1,7,92,22,13530,0.0
111,2,5,78,14,13530,1.0
112,3,7,98,32,13530,1.0
113,4,7,96,24,13530,1.0
114,5,7,96,20,13530,1.0
115,1,6,77,29,13710,0.0
116,2,4,68,19,13710,0.0
117,3,5,61,20,13710,0.0
118,4,6,74,20,13710,0.0
119,5,6,60,20,13710,0.0
120,1,4,74,19,14048,0.0
121,2,5,80,32,14048,1.0
122,3,4,62,17,14048,1.0
123,4,5,73,26,14048,1.0
124,5,4,67,12,14048,1.0
125,1,2,61,16,14374,0.0
126,2,2,51,21,14374,0.0
127,3,2,55,16,14374,0.0
128,4,3,60,18,14374,0.0
129,5,1,63,8,14374,0.0
130,1,5,78,19,14382,0.0
131,2,5,64,17,14382,0.0
132,3,5,69,19,14382,0.0
133,4,6,74,16,14382,0.0
134,5,3,66,10,14382,0.0
135,1,6,66,19,14384,0.0
136,2,5,72,24,14384,0.0
137,3,4,75,20,14384,0.0
138,4,5,80,26,14384,0.0
139,5,5,79,22,14384,0.0
140,1,5,68,18,14522,0.0
141,2,5,68,21,14522,1.0
142,3,6,73,24,14522,1.0
143,4,6,71,25,14522,1.0
144,5,5,69,19,14522,1.0
145,1,6,73,29,14528,0.0
146,2,7,96,30,14528,1.0
147,3,6,95,34,14528,1.0
148,4,6,75,32,14528,1.0
149,5,6,70,28,14528,1.0
150,1,5,73,26,14532,0.0
151,2,5,68,23,14532,1.0
152,3,5,75,25,14532,1.0
153,4,5,75,32,14532,1.0
154,5,5,76,26,14532,1.0
155,1,5,77,31,14678,0.0
156,2,6,79,32,14678,1.0
157,3,6,78,33,14678,1.0
158,4,6,80,32,14678,1.0
159,5,6,79,36,14678,1.0
160,1,4,73,20,15294,0.0
161,2,4,69,23,15294,1.0
162,3,2,77,20,15294,1.0
163,4,3,66,20,15294,1.0
164,5,3,61,20,15294,1.0
165,1,5,80,18,15444,0.0
166,2,5,78,20,15444,0.0
167,3,5,72,28,15444,0.0
168,4,5,69,23,15444,0.0
169,5,4,67,14,15444,0.0
170,1,4,71,26,16424,0.0
171,2,4,71,19,16424,0.0
172,3,3,76,16,16424,0.0
173,4,5,77,30,16424,0.0
174,5,3,64,22,16424,0.0
175,1,6,75,24,16514,0.0
176,2,6,75,27,16514,1.0
177,3,6,74,23,16514,1.0
178,4,5,69,22,16514,1.0
179,5,3,69,18,16514,1.0
180,1,4,60,11,16596,0.0
181,2,4,57,13,16596,1.0
182,3,4,61,14,16596,1.0
183,4,4,56,7,16596,1.0
184,5,4,53,15,16596,1.0
185,1,5,70,28,17160,0.0
186,2,6,73,24,17160,0.0
187,3,5,68,23,17160,0.0
188,4,5,58,20,17160,0.0
189,5,4,62,24,17160,0.0
190,1,4,69,16,17172,0.0
191,2,5,77,12,17172,0.0
192,3,4,70,10,17172,0.0
193,4,3,62,6,17172,0.0
194,5,5,78,18,17172,0.0
195,1,6,73,18,17722,0.0
196,2,7,100,22,17722,1.0
197,3,7,100,35,17722,1.0
198,4,5,91,18,17722,1.0
199,5,7,97,36,17722,1.0
200,1,1,55,5,17752,0.0
201,2,1,32,4,17752,1.0
202,3,4,67,20,17752,1.0
203,4,5,74,22,17752,1.0
204,5,4,73,13,17752,1.0
205,1,4,81,20,17812,0.0
206,2,7,100,20,17812,0.0
207,3,1,70,29,17812,0.0
208,4,2,78,22,17812,0.0
209,5,5,90,30,17812,0.0
210,1,4,68,11,18112,0.0
211,2,4,73,11,18112,1.0
212,3,5,60,15,18112,1.0
213,4,3,64,12,18112,1.0
214,5,5,66,14,18112,1.0
215,1,3,72,14,18494,0.0
216,2,4,65,13,18494,0.0
217,3,3,58,20,18494,0.0
218,4,3,60,20,18494,0.0
219,5,4,60,20,18494,0.0
220,1,3,83,34,19482,0.0
221,2,6,89,34,19482,1.0
222,3,7,98,34,19482,1.0
223,4,7,97,32,19482,1.0
224,5,7,99,35,19482,1.0
225,1,3,65,16,21604,0.0
226,2,1,53,16,21604,0.0
227,3,2,52,18,21604,0.0
228,4,5,56,20,21604,0.0
229,5,4,54,28,21604,0.0
230,1,5,74,26,21648,0.0
231,2,5,71,23,21648,0.0
232,3,5,72,23,21648,0.0
233,4,5,60,16,21648,0.0
234,5,4,64,12,21648,0.0
235,1,5,74,29,21654,0.0
236,2,6,78,30,21654,1.0
237,3,6,70,31,21654,1.0
238,4,5,76,35,21654,1.0
239,5,5,75,36,21654,1.0
240,1,4,66,16,21710,0.0
241,2,6,85,26,21710,1.0
242,3,6,87,30,21710,1.0
243,4,6,96,29,21710,1.0
244,5,5,82,26,21710,1.0
245,1,3,76,12,22284,0.0
246,2,6,81,30,22284,1.0
247,3,5,78,14,22284,1.0
248,4,2,72,16,22284,1.0
249,5,3,72,17,22284,1.0
250,1,5,90,31,23126,0.0
251,2,6,87,27,23126,0.0
252,3,6,87,24,23126,0.0
253,4,5,89,26,23126,0.0
254,5,6,85,22,23126,0.0
255,1,3,62,8,23136,0.0
256,2,3,39,10,23136,1.0
257,3,3,45,10,23136,1.0
258,4,4,62,13,23136,1.0
259,5,5,54,12,23136,1.0
260,1,5,82,28,23228,0.0
261,2,5,87,23,23228,1.0
262,3,6,83,21,23228,1.0
263,4,6,89,27,23228,1.0
264,5,7,90,27,23228,1.0
265,1,6,63,17,23622,0.0
266,2,1,48,13,23622,1.0
267,3,2,47,23,23622,1.0
268,4,4,60,20,23622,1.0
269,5,1,60,22,23622,1.0
270,1,5,80,24,23742,0.0
271,2,7,96,26,23742,0.0
272,3,6,91,29,23742,0.0
273,4,5,89,25,23742,0.0
274,5,7,91,28,23742,0.0
275,1,5,64,22,23772,0.0
276,2,5,75,20,23772,1.0
277,3,5,69,19,23772,1.0
278,4,4,74,26,23772,1.0
279,5,6,69,27,23772,1.0
280,1,5,80,28,24142,0.0
281,2,6,80,32,24142,1.0
282,3,6,80,34,24142,1.0
283,4,6,80,26,24142,1.0
284,5,6,79,24,24142,1.0
285,1,5,83,30,24146,0.0
286,2,1,87,38,24146,0.0
287,3,7,83,30,24146,0.0
288,4,7,86,26,24146,0.0
289,5,3,88,18,24146,0.0
290,1,5,66,22,24608,0.0
291,2,6,82,30,24608,1.0
292,3,2,81,30,24608,1.0
293,4,7,81,30,24608,1.0
294,5,6,80,28,24608,1.0
295,1,3,61,18,25258,0.0
296,2,5,66,26,25258,0.0
297,3,5,75,22,25258,0.0
298,4,5,71,26,25258,0.0
299,5,5,69,24,25258,0.0
300,1,6,80,20,25520,0.0
301,2,6,76,25,25520,1.0
302,3,5,72,17,25520,1.0
303,4,4,71,16,25520,1.0
304,5,5,71,20,25520,1.0
305,1,3,62,10,25532,0.0
306,2,5,57,10,25532,1.0
307,3,4,62,4,25532,1.0
308,4,3,53,12,25532,1.0
309,5,6,50,16,25532,1.0
310,1,1,67,18,25628,0.0
311,2,2,53,13,25628,1.0
312,3,1,58,16,25628,1.0
313,4,6,62,18,25628,1.0
314,5,3,57,12,25628,1.0
315,1,5,75,21,25638,0.0
316,2,6,72,26,25638,1.0
317,3,6,72,25,25638,1.0
318,4,6,75,30,25638,1.0
319,5,5,74,31,25638,1.0
320,1,3,75,32,25700,0.0
321,2,6,74,34,25700,1.0
322,3,5,76,26,25700,1.0
323,4,5,73,21,25700,1.0
324,5,5,71,29,25700,1.0
325,1,7,87,33,25864,0.0
326,2,7,74,28,25864,0.0
327,3,5,100,28,25864,0.0
328,4,6,73,25,25864,0.0
329,5,5,59,17,25864,0.0
330,1,6,84,30,25940,0.0
331,2,6,81,36,25940,1.0
332,3,5,73,32,25940,1.0
333,4,5,73,30,25940,1.0
334,5,6,70,30,25940,1.0
335,1,4,66,11,25962,0.0
336,2,5,64,26,25962,1.0
337,3,4,65,9,25962,1.0
338,4,5,60,15,25962,1.0
339,5,5,64,13,25962,1.0
340,1,5,77,25,26328,0.0
341,2,4,59,18,26328,1.0
342,3,5,76,23,26328,1.0
343,4,5,78,24,26328,1.0
344,5,4,79,20,26328,1.0
345,1,4,71,14,26618,0.0
346,2,4,79,20,26618,1.0
347,3,6,80,30,26618,1.0
348,4,5,78,30,26618,1.0
349,5,5,80,26,26618,1.0
350,1,4,67,13,27704,0.0
351,2,4,71,12,27704,0.0
352,3,4,55,10,27704,0.0
353,4,4,74,18,27704,0.0
354,5,5,60,14,27704,0.0
355,1,5,79,12,28190,0.0
356,2,4,66,12,28190,0.0
357,3,3,58,10,28190,0.0
358,4,4,76,20,28190,0.0
359,5,5,76,16,28190,0.0
360,1,4,57,10,28224,0.0
361,2,2,56,8,28224,0.0
362,3,3,52,6,28224,0.0
363,4,3,54,7,28224,0.0
364,5,5,53,5,28224,0.0
365,1,5,97,31,28226,0.0
366,2,6,100,33,28226,1.0
367,3,7,100,36,28226,1.0
368,4,6,100,36,28226,1.0
369,5,6,88,34,28226,1.0
370,1,4,64,20,28470,0.0
371,2,6,64,20,28470,1.0
372,3,5,57,22,28470,1.0
373,4,4,52,22,28470,1.0
374,5,5,63,21,28470,1.0
375,1,6,70,30,28492,0.0
376,2,6,78,25,28492,1.0
377,3,7,87,28,28492,1.0
378,4,6,84,25,28492,1.0
379,5,6,88,22,28492,1.0
380,1,5,78,30,29032,0.0
381,2,7,84,27,29032,1.0
382,3,6,78,28,29032,1.0
383,4,6,89,31,29032,1.0
384,5,7,80,28,29032,1.0
385,1,4,79,24,29172,0.0
386,2,6,85,26,29172,0.0
387,3,4,79,20,29172,0.0
388,4,4,81,28,29172,0.0
389,5,7,96,28,29172,0.0
390,1,5,73,16,29216,0.0
391,2,7,91,23,29216,1.0
392,3,1,98,27,29216,1.0
393,4,7,100,32,29216,1.0
394,5,7,73,21,29216,1.0
395,1,5,67,18,29248,0.0
396,2,3,60,13,29248,0.0
397,3,5,64,20,29248,0.0
398,4,4,60,20,29248,0.0
399,5,4,60,20,29248,0.0
400,1,3,71,28,29996,0.0
401,2,5,75,25,29996,0.0
402,3,6,68,20,29996,0.0
403,4,4,60,22,29996,0.0
404,5,3,67,18,29996,0.0
405,1,2,70,10,30006,0.0
406,2,6,75,7,30006,1.0
407,3,5,74,11,30006,1.0
408,4,5,67,11,30006,1.0
409,5,5,67,8,30006,1.0
410,1,5,84,28,30014,0.0
411,2,7,81,22,30014,1.0
412,3,5,88,24,30014,1.0
413,4,6,90,24,30014,1.0
414,5,7,81,20,30014,1.0
415,1,4,76,23,30308,0.0
416,2,4,73,30,30308,1.0
417,3,4,70,20,30308,1.0
418,4,3,74,28,30308,1.0
419,5,4,81,22,30308,1.0
420,1,4,68,11,30972,0.0
421,2,5,60,18,30972,1.0
422,3,5,57,12,30972,1.0
423,4,3,65,16,30972,1.0
424,5,3,63,16,30972,1.0
425,1,6,85,30,31136,0.0
426,2,6,80,34,31136,0.0
427,3,5,81,22,31136,0.0
428,4,7,82,29,31136,0.0
429,5,7,100,27,31136,0.0
430,1,6,88,27,31230,0.0
431,2,6,80,33,31230,1.0
432,3,1,87,27,31230,1.0
433,4,4,81,21,31230,1.0
434,5,3,78,25,31230,1.0
435,1,4,55,13,31292,0.0
436,2,5,74,13,31292,1.0
437,3,5,79,17,31292,1.0
438,4,6,82,17,31292,1.0
439,5,5,68,10,31292,1.0
440,1,5,76,26,31796,0.0
441,2,5,75,31,31796,1.0
442,3,5,76,29,31796,1.0
443,4,5,65,27,31796,1.0
444,5,5,64,22,31796,1.0
445,1,6,85,30,31888,0.0
446,2,5,72,30,31888,0.0
447,3,6,79,28,31888,0.0
448,4,5,82,26,31888,0.0
449,5,6,84,30,31888,0.0
450,1,4,68,20,31936,0.0
451,2,5,71,15,31936,1.0
452,3,6,91,22,31936,1.0
453,4,7,82,18,31936,1.0
454,5,7,81,18,31936,1.0
455,1,3,73,19,32590,0.0
456,2,4,80,26,32590,1.0
457,3,5,77,20,32590,1.0
458,4,5,79,21,32590,1.0
459,5,5,80,20,32590,1.0
460,1,7,100,32,33128,0.0
461,2,1,33,2,33128,0.0
462,3,6,62,20,33128,0.0
463,4,1,55,12,33128,0.0
464,5,5,81,26,33128,0.0
465,1,5,76,29,33278,0.0
466,2,5,67,25,33278,0.0
467,3,4,70,23,33278,0.0
468,4,4,58,20,33278,0.0
469,5,4,65,24,33278,0.0
470,1,4,75,22,33350,0.0
471,2,6,80,14,33350,1.0
472,3,5,76,20,33350,1.0
473,4,6,75,18,33350,1.0
474,5,3,86,18,33350,1.0
475,1,4,78,34,33354,0.0
476,2,5,76,28,33354,0.0
477,3,5,78,21,33354,0.0
478,4,4,77,28,33354,0.0
479,5,4,72,13,33354,0.0
480,1,4,89,16,35344,0.0
481,2,6,93,30,35344,1.0
482,3,6,91,30,35344,1.0
483,4,6,75,7,35344,1.0
484,5,7,91,31,35344,1.0
485,1,5,64,20,35408,0.0
486,2,5,67,20,35408,0.0
487,3,2,60,20,35408,0.0
488,4,3,60,20,35408,0.0
489,5,1,60,18,35408,0.0
490,1,4,64,12,36032,0.0
491,2,6,60,17,36032,1.0
492,3,1,100,26,36032,1.0
493,4,7,81,28,36032,1.0
494,5,7,80,23,36032,1.0
495,1,5,69,16,36288,0.0
496,2,4,67,23,36288,0.0
497,3,3,66,14,36288,0.0
498,4,4,71,16,36288,0.0
499,5,4,60,21,36288,0.0
500,1,4,90,26,36306,0.0
501,2,5,78,21,36306,1.0
502,3,4,64,25,36306,1.0
503,4,6,43,22,36306,1.0
504,5,5,56,17,36306,1.0
505,1,5,78,18,36314,0.0
506,2,6,81,30,36314,0.0
507,3,5,77,20,36314,0.0
508,4,5,71,12,36314,0.0
509,5,4,63,14,36314,0.0
510,1,4,70,25,37292,0.0
511,2,3,77,23,37292,0.0
512,3,4,69,15,37292,0.0
513,4,5,73,17,37292,0.0
514,5,4,64,21,37292,0.0
515,1,5,71,14,37294,0.0
516,2,5,70,20,37294,1.0
517,3,5,65,15,37294,1.0
518,4,5,68,22,37294,1.0
519,5,5,73,15,37294,1.0
520,1,6,75,20,37784,0.0
521,2,5,77,29,37784,1.0
522,3,5,71,13,37784,1.0
523,4,5,75,26,37784,1.0
524,5,5,78,19,37784,1.0
525,1,5,84,20,37798,0.0
526,2,3,73,18,37798,0.0
527,3,2,69,14,37798,0.0
528,4,5,96,23,37798,0.0
529,5,4,74,24,37798,0.0
530,1,3,70,9,37804,0.0
531,2,5,74,26,37804,1.0
532,3,4,66,30,37804,1.0
533,4,5,66,23,37804,1.0
534,5,5,55,18,37804,1.0
535,1,4,80,24,37812,0.0
536,2,5,73,26,37812,0.0
537,3,5,69,21,37812,0.0
538,4,3,63,16,37812,0.0
539,5,4,64,20,37812,0.0
540,1,5,78,25,37828,0.0
541,2,4,84,28,37828,0.0
542,3,5,96,23,37828,0.0
543,4,6,99,26,37828,0.0
544,5,7,82,22,37828,0.0
545,1,2,61,21,38018,0.0
546,2,6,74,12,38018,1.0
547,3,4,64,15,38018,1.0
548,4,4,57,8,38018,1.0
549,5,6,63,22,38018,1.0
550,1,2,52,8,38028,0.0
551,2,4,63,14,38028,1.0
552,3,5,63,6,38028,1.0
553,4,4,70,8,38028,1.0
554,5,3,46,12,38028,1.0
555,1,4,82,26,38038,0.0
556,2,6,80,24,38038,1.0
557,3,6,83,24,38038,1.0
558,4,6,76,25,38038,1.0
559,5,5,77,20,38038,1.0
560,1,5,80,28,38040,0.0
561,2,5,81,24,38040,1.0
562,3,6,95,29,38040,1.0
563,4,6,82,30,38040,1.0
564,5,5,80,22,38040,1.0
565,1,5,81,26,38042,0.0
566,2,4,59,22,38042,1.0
567,3,6,74,30,38042,1.0
568,4,3,75,28,38042,1.0
569,5,6,77,27,38042,1.0
570,1,3,76,19,38046,0.0
571,2,5,72,32,38046,0.0
572,3,5,72,31,38046,0.0
573,4,4,78,28,38046,0.0
574,5,2,69,27,38046,0.0
575,1,4,75,22,38070,0.0
576,2,6,85,26,38070,1.0
577,3,5,81,22,38070,1.0
578,4,5,77,28,38070,1.0
579,5,5,87,28,38070,1.0
580,1,5,70,24,38290,0.0
581,2,5,60,22,38290,1.0
582,3,4,62,22,38290,1.0
583,4,4,66,23,38290,1.0
584,5,3,63,20,38290,1.0
585,1,5,74,29,38566,0.0
586,2,5,76,26,38566,1.0
587,3,6,82,26,38566,1.0
588,4,5,72,24,38566,1.0
589,5,6,79,25,38566,1.0
590,1,3,53,27,38580,0.0
591,2,2,80,22,38580,1.0
592,3,4,60,21,38580,1.0
593,4,5,60,29,38580,1.0
594,5,1,58,16,38580,1.0
595,1,4,63,13,38712,0.0
596,2,4,62,15,38712,1.0
597,3,4,51,10,38712,1.0
598,4,4,43,6,38712,1.0
599,5,5,57,23,38712,1.0
600,1,5,74,28,38878,0.0
601,2,5,75,23,38878,1.0
602,3,5,67,18,38878,1.0
603,4,5,74,23,38878,1.0
604,5,5,67,15,38878,1.0
605,1,5,74,30,38898,0.0
606,2,6,72,28,38898,1.0
607,3,5,74,29,38898,1.0
608,4,5,61,28,38898,1.0
609,5,5,66,31,38898,1.0
610,1,7,100,22,39096,0.0
611,2,7,74,20,39096,1.0
612,3,7,100,22,39096,1.0
613,4,5,61,22,39096,1.0
614,5,3,64,23,39096,1.0
615,1,5,75,16,39144,0.0
616,2,5,74,14,39144,0.0
617,3,4,66,24,39144,0.0
618,4,2,56,13,39144,0.0
619,5,3,54,16,39144,0.0
620,1,3,63,11,39164,0.0
621,2,6,72,17,39164,0.0
622,3,4,72,10,39164,0.0
623,4,3,45,4,39164,0.0
624,5,5,58,11,39164,0.0
625,1,5,72,3,39458,0.0
626,2,3,56,4,39458,0.0
627,3,4,50,5,39458,0.0
628,4,5,57,3,39458,0.0
629,5,4,55,2,39458,0.0
630,1,3,63,14,39466,0.0
631,2,2,47,15,39466,0.0
632,3,4,59,18,39466,0.0
633,4,3,69,13,39466,0.0
634,5,4,64,13,39466,0.0
635,1,5,76,11,39490,0.0
636,2,6,80,21,39490,0.0
637,3,4,60,22,39490,0.0
638,4,4,60,20,39490,0.0
639,5,4,60,20,39490,0.0
640,1,6,80,30,39512,0.0
641,2,7,100,35,39512,1.0
642,3,7,100,38,39512,1.0
643,4,7,100,34,39512,1.0
644,5,7,100,34,39512,1.0
645,1,5,74,27,39548,0.0
646,2,5,75,25,39548,1.0
647,3,3,77,26,39548,1.0
648,4,7,80,29,39548,1.0
649,5,2,79,28,39548,1.0
650,1,7,80,21,39634,0.0
651,2,7,81,31,39634,1.0
652,3,5,81,29,39634,1.0
653,4,5,79,27,39634,1.0
654,5,6,77,29,39634,1.0
655,1,4,73,11,39748,0.0
656,2,5,70,14,39748,0.0
657,3,5,66,12,39748,0.0
658,4,5,63,10,39748,0.0
659,5,4,60,8,39748,0.0
660,1,4,54,12,39990,0.0
661,2,5,68,16,39990,1.0
662,3,5,53,6,39990,1.0
663,4,5,67,8,39990,1.0
664,5,5,65,8,39990,1.0
665,1,3,66,15,40162,0.0
666,2,3,46,10,40162,0.0
667,3,3,52,9,40162,0.0
668,4,4,51,7,40162,0.0
669,5,3,49,6,40162,0.0
670,1,1,54,10,40164,0.0
671,2,1,45,4,40164,1.0
672,3,3,51,12,40164,1.0
673,4,1,100,22,40164,1.0
674,5,4,44,12,40164,1.0
675,1,5,71,24,40316,0.0
676,2,6,81,26,40316,1.0
677,3,6,74,24,40316,1.0
678,4,2,71,23,40316,1.0
679,5,5,72,25,40316,1.0
680,1,4,79,26,40320,0.0
681,2,5,73,28,40320,1.0
682,3,4,76,25,40320,1.0
683,4,5,77,28,40320,1.0
684,5,5,71,22,40320,1.0
685,1,5,70,12,40322,0.0
686,2,5,65,21,40322,1.0
687,3,4,61,12,40322,1.0
688,4,4,66,10,40322,1.0
689,5,3,50,6,40322,1.0
690,1,2,67,20,40328,0.0
691,2,6,70,24,40328,1.0
692,3,5,84,20,40328,1.0
693,4,5,81,19,40328,1.0
694,5,5,86,22,40328,1.0
695,1,6,83,34,40444,0.0
696,2,6,79,25,40444,1.0
697,3,3,79,29,40444,1.0
698,4,3,60,20,40444,1.0
699,5,4,60,20,40444,1.0
700,1,5,69,25,40456,0.0
701,2,4,79,13,40456,0.0
702,3,4,62,10,40456,0.0
703,4,4,61,15,40456,0.0
704,5,5,66,14,40456,0.0
705,1,5,52,9,40472,0.0
706,2,6,83,18,40472,1.0
707,3,3,66,15,40472,1.0
708,4,5,70,15,40472,1.0
709,5,5,75,20,40472,1.0
710,1,5,75,19,40490,0.0
711,2,5,72,18,40490,1.0
712,3,5,69,19,40490,1.0
713,4,3,63,15,40490,1.0
714,5,3,66,18,40490,1.0
715,1,4,79,20,41286,0.0
716,2,4,74,20,41286,1.0
717,3,2,81,20,41286,1.0
718,4,2,72,23,41286,1.0
719,5,2,73,25,41286,1.0
720,1,6,81,16,41318,0.0
721,2,5,73,20,41318,1.0
722,3,6,79,30,41318,1.0
723,4,7,98,32,41318,1.0
724,5,7,99,26,41318,1.0
725,1,5,78,27,41818,0.0
726,2,6,73,28,41818,1.0
727,3,4,64,22,41818,1.0
728,4,5,69,28,41818,1.0
729,5,5,57,32,41818,1.0
730,1,4,78,10,42108,0.0
731,2,6,73,16,42108,1.0
732,3,6,70,7,42108,1.0
733,4,5,72,11,42108,1.0
734,5,5,76,18,42108,1.0
735,1,5,65,18,42140,0.0
736,2,5,55,20,42140,0.0
737,3,3,62,14,42140,0.0
738,4,3,62,19,42140,0.0
739,5,3,51,21,42140,0.0
740,1,5,78,28,42152,0.0
741,2,5,74,34,42152,0.0
742,3,5,84,34,42152,0.0
743,4,5,71,22,42152,0.0
744,5,4,64,22,42152,0.0
745,1,4,61,18,42592,0.0
746,2,5,72,23,42592,1.0
747,3,5,74,22,42592,1.0
748,4,5,75,34,42592,1.0
749,5,5,73,31,42592,1.0
750,1,5,88,22,42624,0.0
751,2,6,92,30,42624,1.0
752,3,6,99,26,42624,1.0
753,4,6,95,24,42624,1.0
754,5,6,93,16,42624,1.0
755,1,6,84,33,42628,0.0
756,2,6,79,29,42628,1.0
757,3,6,75,22,42628,1.0
758,4,6,74,26,42628,1.0
759,5,7,77,24,42628,1.0
760,1,4,67,22,42632,0.0
761,2,4,71,22,42632,0.0
762,3,4,68,18,42632,0.0
763,4,6,58,19,42632,0.0
764,5,4,60,20,42632,0.0
765,1,4,79,15,43258,0.0
766,2,5,67,21,43258,0.0
767,3,7,78,34,43258,0.0
768,4,6,69,22,43258,0.0
769,5,4,62,13,43258,0.0
770,1,5,87,24,43264,0.0
771,2,6,86,28,43264,1.0
772,3,5,85,23,43264,1.0
773,4,6,84,28,43264,1.0
774,5,5,84,31,43264,1.0
775,1,6,81,23,43270,0.0
776,2,7,95,26,43270,1.0
777,3,6,87,27,43270,1.0
778,4,6,88,27,43270,1.0
779,5,7,81,30,43270,1.0
780,1,5,86,28,43278,0.0
781,2,2,82,14,43278,1.0
782,3,7,99,28,43278,1.0
783,4,1,100,34,43278,1.0
784,5,6,98,32,43278,1.0
785,1,5,87,28,43286,0.0
786,2,4,60,20,43286,1.0
787,3,5,99,30,43286,1.0
788,4,5,75,20,43286,1.0
789,5,7,97,17,43286,1.0
790,1,6,89,28,43500,0.0
791,2,6,81,34,43500,0.0
792,3,6,68,28,43500,0.0
793,4,3,73,30,43500,0.0
794,5,2,73,28,43500,0.0
795,1,4,58,8,43534,0.0
796,2,3,42,12,43534,1.0
797,3,5,84,24,43534,1.0
798,4,4,70,16,43534,1.0
799,5,4,69,10,43534,1.0
800,1,5,76,30,43570,0.0
801,2,5,76,23,43570,0.0
802,3,5,80,19,43570,0.0
803,4,5,61,15,43570,0.0
804,5,3,63,29,43570,0.0
805,1,5,76,21,43926,0.0
806,2,5,74,21,43926,1.0
807,3,5,72,29,43926,1.0
808,4,3,66,16,43926,1.0
809,5,5,75,23,43926,1.0
810,1,7,88,38,44266,0.0
811,2,6,95,36,44266,1.0
812,3,6,84,27,44266,1.0
813,4,6,79,26,44266,1.0
814,5,6,77,26,44266,1.0
815,1,4,69,13,44282,0.0
816,2,4,60,14,44282,0.0
817,3,3,65,8,44282,0.0
818,4,4,60,11,44282,0.0
819,5,4,63,10,44282,0.0
820,1,5,80,28,44408,0.0
821,2,5,72,28,44408,1.0
822,3,5,75,34,44408,1.0
823,4,5,67,24,44408,1.0
824,5,5,64,30,44408,1.0
825,1,6,91,28,44782,0.0
826,2,6,77,16,44782,1.0
827,3,5,77,18,44782,1.0
828,4,3,65,9,44782,1.0
829,5,5,78,27,44782,1.0
830,1,4,83,10,44784,0.0
831,2,4,64,15,44784,1.0
832,3,5,64,16,44784,1.0
833,4,6,60,18,44784,1.0
834,5,4,68,18,44784,1.0
835,1,3,66,18,44800,0.0
836,2,5,71,18,44800,0.0
837,3,5,85,24,44800,0.0
838,4,5,75,26,44800,0.0
839,5,3,60,20,44800,0.0
840,1,5,72,23,45238,0.0
841,2,5,64,28,45238,1.0
842,3,6,75,28,45238,1.0
843,4,6,79,31,45238,1.0
844,5,6,74,27,45238,1.0
845,1,3,91,24,45254,0.0
846,2,6,94,26,45254,0.0
847,3,5,79,22,45254,0.0
848,4,4,74,18,45254,0.0
849,5,4,71,14,45254,0.0
850,1,5,83,16,45442,0.0
851,2,5,68,9,45442,0.0
852,3,1,49,11,45442,0.0
853,4,3,61,11,45442,0.0
854,5,5,72,13,45442,0.0
